,sequence,MIC,species,length,weight
31125,GLLGTLGNLLNGLGL,35.09549942,Micrococcus luteus,15,1424.6841000000004
31170,TKNYGNGVTCGKHSCSVDWGKATTCIINNGAMAWATGGHQGNHKC,3.12,Micrococcus luteus,45,4680.185900000001
30475,GKKWWGWKAK,12.23995298,Micrococcus luteus,10,1274.5147
31100,AAAAGSCVWGAVNYTSDCNGECLLRGYKGGHCGSFANVNCWCET,25.0,Micrococcus luteus,44,4547.010200000001
31155,KCNTATCVTQRLADFLVRSSNTIGTVYAPTNVGAAAY,15.6,Micrococcus luteus,37,3878.349400000001
30816,LTCNIDRSFCLAHCLLRGYKRGFCTVKKICVCRH,38.8,Micrococcus luteus,34,3958.795000000001
30659,ILPYKYPYYPYRR,6.3,Micrococcus luteus,13,1792.0857999999998
30830,NNRPVYIPQPRPPHPRI,15.23382062,Micrococcus luteus,17,2051.3567
30966,SVIFGCTKSIPPICFVGF,13.05264167,Micrococcus luteus,18,1915.3211
30689,KKFGGGKTERARKAMAVE,31.81801197,Micrococcus luteus,18,1964.2962
30406,GFGGGRGGFGGGRGGFGGGGIGGGGFGGGYGGGKIKG,1.230214582,Micrococcus luteus,37,3048.248700000003
30581,GNNRPVYIPRPRPPHPRL,0.912722865,Micrococcus luteus,18,2136.4645
30519,GLFGVLAKVASHVVPAIAEHFQA,42.34169203,Micrococcus luteus,23,2361.7384
30387,GAARKSIRLHRLYTWKATIYTR,8.0,Micrococcus luteus,22,2662.1027000000004
30957,SPRVSRRYGRPFGGRPFVGGQFGGRPGCVCIRSPCPCANYG,0.78,Micrococcus luteus,41,4372.999700000001
31130,IAPWKWPWWPWRR,0.4,Micrococcus luteus,13,1865.1896
30215,AKRHHGYKRKFH,10.2249639,Micrococcus luteus,12,1564.7977
31037,WPKRLTKAHWFEIQHIQPSPLQCNRAMSGINNYTQHCKHQNTFLH,1.25,Micrococcus luteus,45,5441.1575
30962,SSMKLSFRARAYGFRGPGLQL,10.0,Micrococcus luteus,21,2342.7203000000004
30578,GNNRPVYIPQPRPPHPRL,14.82160948,Micrococcus luteus,18,2108.4080000000004
30881,RKIKRYLRRMIW,14.5420313,Micrococcus luteus,12,1719.1546
30317,FLGALWKALSKLL,2.0,Micrococcus luteus,13,1459.8159999999998
30887,RKLKRFWKRVKM,29.83062351,Micrococcus luteus,12,1676.1299
31026,WGRAFRRGVRRLARGGRR,7.33,Micrococcus luteus,18,2183.5342
31000,VIDKAKMESLGITSRDTT,7.938003379,Micrococcus luteus,18,1965.2297000000003
30601,GTCSFSSALCVVHCRVRGYPDGYCSRKGICTCRR,51.6,Micrococcus luteus,34,3742.3439000000008
30880,RKIKRYLRRMIIW,13.64396308,Micrococcus luteus,13,1832.3122
30745,KWKIFKKIEKAGRNIRDGIIKAGPAVSVVGEAATIYKTG,8.0,Micrococcus luteus,39,4214.9526
30653,ILPWKWKWTPWRR,2.5,Micrococcus luteus,13,1853.2204
31010,VNWKKILGKIIKVVK,1.0,Micrococcus luteus,15,1766.2639999999997
31043,YRGGYTGPIPRPPPIGRPPFRPVCNACYRLSVSDARNCCIKFGSCCHLVK,5.0,Micrococcus luteus,50,5524.4813
30639,IKNAKVCVYAVCVSHK,16.0,Micrococcus luteus,16,1762.1478000000002
30636,IFGAIWSGIKSLF,4.0,Micrococcus luteus,13,1438.7106
30928,RVVRPVVQGVKEKVR,36.58998074,Micrococcus luteus,15,1749.1127
31013,VTCDILSVEAKGVKL,63.49688522,Micrococcus luteus,15,1574.8803999999996
30637,IFKAIWSGIKSLF,2.0,Micrococcus luteus,13,1509.8316
30515,GLFDVVKGVLKGVGKNVAGSLLEQLKCKLSGGC,1.883686545,Micrococcus luteus,33,3317.9618
30577,GNNRPVYIPQPRPPHPRI,14.82160948,Micrococcus luteus,18,2108.4080000000004
30939,SGGYCGGWHRLRCTSYRSG,16.0,Micrococcus luteus,19,2103.3037000000004
30410,GFRKRFNKLVKKVKHTIKETANVSKDVAIVAGSGVAVGAAMG,37.5,Micrococcus luteus,42,4384.158400000001
30269,FFGALFKLATKIIPSLFR,48.3,Micrococcus luteus,18,2069.5323000000003
30509,GLFDVIKKVASKIGGL,60.79046203,Micrococcus luteus,16,1644.9949
30574,GNNRPVYIAQPRPPHPAL,62.58565159,Micrococcus luteus,18,1997.2629
30730,KTKQQFLIKAQTQLFKVFGYTL,0.153,Micrococcus luteus,22,2631.118200000001
30257,DVATSARDPLFY,3.87,Micrococcus luteus,12,1354.4636000000005
31019,VTLASHLPSDFTPAVHASLDKFLANVS,9.0,Micrococcus luteus,27,2838.1736
30789,LLKWLKKWLKK,3.369437984,Micrococcus luteus,11,1483.927
31158,LVRGCWTKSYPPKPCFVR,10.0,Micrococcus luteus,18,2137.5717
30497,GLFDIIKKVASVVGGL,7.425955795,Micrococcus luteus,16,1615.9536000000005
30273,FFSALLSGIKSLF,8.0,Micrococcus luteus,13,1429.7005
30529,GLGALWNVAKSVF,0.8,Micrococcus luteus,13,1361.5867999999998
30741,KWCFRVCYRGICYRRCR,1.0,Micrococcus luteus,17,2268.7577
30862,RFGRFLRKIRRFRPKVTITIQGSARF,0.73570066,Micrococcus luteus,26,3207.8264000000004
30285,FKRIVQRIKDFLR,25.0,Micrococcus luteus,13,1719.085
30353,FLKALFKVASKVL,2.117706644,Micrococcus luteus,13,1463.8476999999996
30363,FLPLLAGLAANFLPTIICKISYKC,0.957771289,Micrococcus luteus,24,2610.2265
30702,KKWLKKWLK,63.61263468,Micrococcus luteus,9,1257.6118
31131,IAQQAANVAATARG,9.375,Micrococcus luteus,14,1341.4732
30960,SRWRWKS,43.8,Micrococcus luteus,7,1005.1333999999998
30982,VDKPPYLPRPKPPRRIYN,7.069729467,Micrococcus luteus,18,2206.5908000000004
31147,ILPWKWPWAPWRR,0.8,Micrococcus luteus,13,1792.1373
30348,FLIGMTQGLICLITRKC,3.271542018,Micrococcus luteus,17,1910.4141
31156,KYYGNGVCNSVNWCQCGNVWASCNLATGCAAWLCKLA,1.56,Micrococcus luteus,37,3972.554599999999
30534,GLLDIVKKVVGAFGSL,61.88296496,Micrococcus luteus,16,1615.9535999999998
31009,VNFKLLSHSLL,24.0,Micrococcus luteus,11,1270.5193000000002
30818,MAGGKAGKDSGKAKAKAVSRSARAGLQFPVGRIHRHLK,1.6875,Micrococcus luteus,38,3943.591899999999
30555,GLRRLLRKIRGRWK,2.0,Micrococcus luteus,14,1808.2313
30476,GKKWWWWKAK,11.11369718,Micrococcus luteus,10,1403.6733
31024,WCRRLCYKQRCVTYCRGR,0.32,Micrococcus luteus,18,2350.8170000000005
31119,FPFLLSLIPSAISAIKRL,2.0,Micrococcus luteus,18,1986.4422
30284,FKLGSFLKKAWKSKLAKKLRAKGKEMLKDYAKGLLEGGSEEVPGQ,25.0,Micrococcus luteus,45,4994.8963
30869,RGLRRLGRKIAHGVKKYGATVLRIIRIA,2.0,Micrococcus luteus,28,3172.8669
30923,RSWIFCTRYIPPICFVGWR,1.301613939,Micrococcus luteus,19,2400.8655
31032,WLGALFKVASKVL,1.117503542,Micrococcus luteus,13,1431.7627999999995
31161,PWKWPWWPWRR,0.8,Micrococcus luteus,11,1680.9541000000002
31104,APVPFSCTRGCLTHLV,6.3,Micrococcus luteus,16,1701.0218
30540,GLLSKFGRLARKLARVIPKV,1.0,Micrococcus luteus,20,2222.764
31171,WKWPWWPWRR,0.4,Micrococcus luteus,10,1583.8389000000002
30579,GNNRPVYIPQPRPPHPRPIRV,0.199119008,Micrococcus luteus,21,2460.8399000000004
30287,FKVQNQHGQVVKIFHH,23.0,Micrococcus luteus,16,1946.2175
30610,GVVDTLKNLLMGLL,8.412805744,Micrococcus luteus,14,1485.8301
30813,LSFPTTKTYFPHFDLSHGSAQVKGHGAKVAAAL,5.0,Micrococcus luteus,33,3484.913499999999
30614,GWASSIGSILGKFAKGGAQAFLQPK,0.5,Micrococcus luteus,25,2519.8937
30973,TSFLNELNKYNEKKFI,31.43479257,Micrococcus luteus,16,1988.2428
30908,RRLRPRRPRLPRPRPRPRPRPR,0.125,Micrococcus luteus,22,2895.4805000000006
30940,SGPGRRSSRRRK,31.5,Micrococcus luteus,12,1399.5658
30667,INWLAIAKKVAGML,2.617947022,Micrococcus luteus,14,1527.9147999999998
31046,AFALIAGALYRIFHRR,7.5,Micrococcus luteus,16,1875.2258
31035,WLRAFRRLVRRLARGLRR,0.43,Micrococcus luteus,18,2351.8531000000003
30607,GVIDAAKKVVNVLKNLF,27.34926793,Micrococcus luteus,17,1828.2025000000003
30848,QGQCHQQRGRCFLHQCPLSHYFLGRLDCGPGRRCCRRRK,0.9,Micrococcus luteus,39,4658.3973000000005
30542,GLLSNVAGLLKQFAKGGVNAVLNPK,1.0,Micrococcus luteus,25,2508.9554000000003
30336,FLGELWNVWKSVF,3.12,Micrococcus luteus,13,1624.8774
30872,RGVRPVVQGVKEKVR,37.49195241,Micrococcus luteus,15,1707.033
30305,FLGALFKVASKVLPSVKCAITKKC,2.468466032,Micrococcus luteus,24,2552.1923
30366,FLSFPTTKTYFPH,5.0,Micrococcus luteus,13,1585.7985
30264,FAKWAFKWAKK,17.7216281,Micrococcus luteus,11,1410.7056
30590,GRFKRFRKKLKRLWHKVGPFVGPILHY,0.25,Micrococcus luteus,27,3365.0794000000005
31027,WGRAFRRLVRRLARGLRR,27.89,Micrococcus luteus,18,2295.7468000000003
30565,GLWSTIKNVGKEAAIAAGKAVLGSL,2.0,Micrococcus luteus,25,2454.8619
30296,FLGALFKAVSKLL,4.975996857,Micrococcus luteus,13,1406.7533
30892,RKVRGPPGGGRLLRPLLQLLKQKLR,0.5,Micrococcus luteus,25,2850.5041
30723,KNWKAILKHIIK,5.0,Micrococcus luteus,12,1491.8646
30943,SLFGTFAKMALKGASKLIPHLLPSRQQ,0.5,Micrococcus luteus,27,2940.5073
31128,GSKKPVPIIYCNRRTGKC,7.5,Micrococcus luteus,18,2020.4256
30457,GIMSSLMKKLAAHIKK,3.0,Micrococcus luteus,16,1756.2279
30808,LNWGKILKHIIK,2.2,Micrococcus luteus,12,1462.8233
30543,GLLSSLSSVAKHVLPHVVPVIAEHL,0.1536649,Micrococcus luteus,25,2603.0668
30840,PTTKTYFPHF,1.0,Micrococcus luteus,10,1238.3898000000002
30739,KWCFCVCYRGICYCRCRG,0.5,Micrococcus luteus,18,2219.7234
30404,GFGCPNNYQCHRHCKSIPGRCGGYCGGWHRLRCTCYRC,0.309193287,Micrococcus luteus,38,4351.000800000001
30696,KKVVFKFKFK,0.600619007,Micrococcus luteus,10,1298.6602
30378,FTCDVLSVEAKGVKLNHAACGIHCLFRRRTGGYCNKKRVCICR,0.0705,Micrococcus luteus,43,4827.732399999999
30288,FLFSLIPSAISGLISAFK,42.62072221,Micrococcus luteus,18,1911.2861000000005
31149,ILPWKWPWWP,1.6,Micrococcus luteus,10,1408.688
30792,LLSHSL,46.78,Micrococcus luteus,6,668.782
30843,QDLCHNLGGRCFRNRCSWSLRNHGGQDCPWGSVCCKP,15.3,Micrococcus luteus,37,4191.7236
30870,RGLRRLGRKIAHGVKKYGPTVKRIKRKA,2.0,Micrococcus luteus,28,3243.948300000001
31038,WPKRLTKAHWFEIQHIQPSPLQSNRAMSGINNYTQHSKHQNTFLH,2.5,Micrococcus luteus,45,5409.0263
30750,KWKVFKKIEKMGRNIRNGIVK,1.0,Micrococcus luteus,21,2573.1568
31088,DKLIGSCVWGATNYTSDCNAECKRRGYKGGHCGSFWNVNCWCEE,1.9,Micrococcus luteus,44,4949.457899999999
30903,RPPQFTRAQWFAIQHISLNPPRSTIAMRAINNYRWRSKNQNTFLR,1.5,Micrococcus luteus,45,5484.2286
30662,INWKKIAKKVAGML,0.624990664,Micrococcus luteus,14,1600.0239
30504,GLFDIVKKVVGALGSL,15.47074124,Micrococcus luteus,16,1615.9535999999998
30446,GILSSLLKKLKKIIAK,3.0,Micrococcus luteus,16,1753.2638000000002
30393,GCRFTVKPYIKRIQLHYKGKMWCG,1.25,Micrococcus luteus,24,2913.5331
30720,KNNRPVYIPKPRPPHPRL,0.672150281,Micrococcus luteus,18,2179.5721000000003
30626,HGKKVLDSFSNGMKHLDDLKGTFAALSELH,18.0,Micrococcus luteus,30,3296.7092999999995
30945,SLFSLIKAGAKFLGKNLLKQGAQYAACKVSKEC,0.443662966,Micrococcus luteus,33,3516.1826
30910,RRWCFRVCYKGFCYRKCR,1.0,Micrococcus luteus,18,2430.9462000000003
30693,KKLLKWLKKLL,4.465315028,Micrococcus luteus,11,1410.8746999999998
30511,GLFDVIKKVASVIGGA,63.53749179,Micrococcus luteus,16,1573.8739000000005
30994,VDKPPYLPRPTPPRRIYN,28.67600718,Micrococcus luteus,18,2179.5224000000003
30893,RLIKRYLRRMW,62.85425048,Micrococcus luteus,11,1590.9823
30481,GKPRPYSPRPTSHPRPIRV,0.22742443,Micrococcus luteus,19,2198.5325000000003
30443,GILGKLWEGVKSIF,8.080937637,Micrococcus luteus,14,1546.8502
30556,GLRRLLRKIRGRWKGGGRLLRPLLQLLKQKLR,0.5,Micrococcus luteus,32,3849.7637
31022,VWPLGLVICKALKIC,0.941943665,Micrococcus luteus,15,1656.15
30707,KLGALWNVAKSVF,6.3,Micrococcus luteus,13,1432.7078
30518,GLFGVLAKVAAHVVPAIAEHF,26.08859435,Micrococcus luteus,21,2146.5319
30272,FFHHIFRGIVHVGKTIHKLVTG,15.0,Micrococcus luteus,22,2544.0093
31066,IWQWIVGGLGFLAGDAWSHSDQISSGIKKRKKKGYGY,24.1622606,Micrococcus luteus,37,4138.685600000001
31064,IIGHLIKTALGMLGL,25.0,Micrococcus luteus,15,1549.9618
30648,ILKKIWEGIKSLF,0.78,Micrococcus luteus,13,1574.9465
31011,VPIIYCNRRTGKCQRM,3.75,Micrococcus luteus,16,1938.3481
30682,KAACAAHCLWR,61.001523,Micrococcus luteus,11,1229.4775
31084,PWWPWRR,3.1,Micrococcus luteus,7,1083.2468
30547,GLLSVLGSVAKHVLPHVVGVIAEHL,4.911532301,Micrococcus luteus,25,2545.0306
30412,GFVALLKKLPLILKHLP,6.25,Micrococcus luteus,17,1900.4391
30369,FLSLIPHAINAVSAIAKHF,1.8,Micrococcus luteus,19,2049.4168
30672,IPAMEPAARVKRSPGYGGCSPRWACGGYG,25.0,Micrococcus luteus,29,2995.4202000000005
31091,HRHQGPIFDTRPSPFNPNQPRPGPIY,0.75,Micrococcus luteus,26,3026.3282000000013
30432,GILDTLKQFAKGVGKDLVKGAAQGVLS,0.921093969,Micrococcus luteus,27,2714.163899999999
31173,YCNRRTGKCQRM,30.0,Micrococcus luteus,12,1515.7867
30859,QWGRRCCGWGPGRRYCRRWC,1.966217551,Micrococcus luteus,20,2542.9536
30625,GYGCPFNQYQCHSHCSGIRGYKGGYCKGTFKQTCKCY,0.023953678,Micrococcus luteus,37,4174.724300000002
31042,YKQSHKKGGHSFPKEKISLPPSSDFGKMDSRWRWKSSKKGSG,1.7,Micrococcus luteus,42,4793.383600000001
30507,GLFDVIAKVASVIKKL,7.054254033,Micrococcus luteus,16,1701.1012
31151,ILPWKWPWWPWAR,0.4,Micrococcus luteus,13,1822.1615
30595,GRPNPVNNKPTSHPRPIRV,2.106327506,Micrococcus luteus,19,2136.4199
30705,KLFAVIKKVAAVIRRL,54.78447923,Micrococcus luteus,16,1825.3345
30842,QDGMYQRFLRQHVHPEETGGSDRYSNLMMQRRKMTLYHSKRFNTFIH,1.2,Micrococcus luteus,47,5829.5552
30391,GCASRCKAKCAGRRCKGWASASFRGRCYCKCFRC,0.9,Micrococcus luteus,34,3781.5192
31165,SAPRGCWTKSYPPKPCK,5.0,Micrococcus luteus,17,1906.2353
30569,GMASLLAKVLPHVVKLIK,1.7,Micrococcus luteus,18,1917.4481
31111,CKKWKRKRC,0.6,Micrococcus luteus,9,1235.5716000000002
30278,FIGAIARLLSKIF,4.313934914,Micrococcus luteus,13,1448.7933
30440,GILDTLKQFAKGVGKWLVKGAAQGVLSTVSCKLAKTC,6.543528968,Micrococcus luteus,37,3820.568399999999
30681,ITKVITKLLNRLTKILSK,1.5,Micrococcus luteus,18,2082.616
30524,GLFKVLGSVAKHLLPHVAPVIAEKL,4.550259551,Micrococcus luteus,25,2637.2122
30632,HTCHFRRRPKVRKFKLYHEGKFWCPG,2.35,Micrococcus luteus,26,3314.8950000000004
30874,RKCVKVQLIKNGRQVTAF,7.2,Micrococcus luteus,18,2088.5226
31123,GFWGKLWKPVKKAI,2.0,Micrococcus luteus,14,1658.04
30883,RKIKRYLRRMW,15.56665423,Micrococcus luteus,11,1605.997
30933,RWKVFKKIEKMGRNIRDGIVKAGPAIEVLGSAKALGK,0.39,Micrococcus luteus,37,4065.875400000001
30375,FPFLKLSLKIPKSAIKSAIKRL,0.25,Micrococcus luteus,22,2499.1314
30520,GLFGVLGSIAKHVLPHVVPVIAEKL,19.27417839,Micrococcus luteus,25,2594.1443
30688,KIAGKIAKIAGKIAKIAGKIA,4.361276517,Micrococcus luteus,21,2063.616
30361,FLPGLLAGLL,8.3,Micrococcus luteus,10,1013.2728
30567,GMASKAGAIAGKIAKVALKAL,3.046553779,Micrococcus luteus,21,1969.4384
30852,QPECLRQGGMCRPRLCPYVSLGQLDCQNGHVCCRKKPRK,0.9,Micrococcus luteus,39,4459.283100000001
30920,RSVIFGCTKSIPPICFVGTR,2.864840142,Micrococcus luteus,20,2181.6226
30806,LNWGAVLKHVVK,8.2,Micrococcus luteus,12,1363.6491
30996,VDNANDLLSKVKKDKSD,4.393698695,Micrococcus luteus,17,1889.069
30362,FLPLLAGLAANFLPKIFCKITRKC,1.164896211,Micrococcus luteus,24,2678.3502000000003
30985,VDKPPYLPRPPPPRRIYNNR,26.16707185,Micrococcus luteus,20,2445.822000000001
30664,INWKKIKKKVKGML,0.58335818,Micrococcus luteus,14,1714.2126999999998
30718,KLLSHSLL,34.0,Micrococcus luteus,8,910.1119
30819,MLTAEEKAAVTAF,4.0,Micrococcus luteus,13,1381.5934000000002
30339,FLGLLFKVASK,10.2248,Micrococcus luteus,11,1222.5178
30255,DPVTCLKSGAICHPVFCPRRYKQIGTCGLPGTKCCKKP,2.0,Micrococcus luteus,38,4106.949000000001
30458,GIMSSLMKKLAAIIAK,3.0,Micrococcus luteus,16,1675.1518
30670,INWLKIAKKVKGML,1.217949952,Micrococcus luteus,14,1642.1035999999997
30253,DLHIPPPDNKINWPQLSGGGGGSPKTGYDININAQQK,25.45642997,Micrococcus luteus,37,3928.280600000003
30260,EWKLPDLIINHITLTRRNCFKYRCG,16.4,Micrococcus luteus,25,3090.625500000001
30347,FLIGMTHGLICLISRKC,6.560310562,Micrococcus luteus,17,1905.3976
30774,LKLLKKLLKKLLKLL,2.0,Micrococcus luteus,15,1805.4675
31067,KCRRRKVHGPMIRIRKK,9.0,Micrococcus luteus,17,2162.7239000000004
30576,GNNRPVYIPQPRPPHPAL,61.78025386,Micrococcus luteus,18,2023.3002
30465,GIMSSLMKKLKKIIKK,3.0,Micrococcus luteus,16,1846.435
30965,STVLTSKYR,15.0,Micrococcus luteus,9,1054.1975
30995,VDKPPYLPRPTPPRRIYNNR,26.12446749,Micrococcus luteus,20,2449.8107000000005
30729,KQKLAKLKAKLQKLKQKLAKL,12.0,Micrococcus luteus,21,2448.1329
30532,GLIGSIGKALGGLLVDVLKPKLQAAS,39.69779498,Micrococcus luteus,26,2519.0316
30372,FLWALFKVASK,38.17969303,Micrococcus luteus,11,1309.5966999999998
31059,GLFSVLGAVAKHVLPHVVPVIAEKL,9.637089194,Micrococcus luteus,25,2594.1443
30901,RPPQFTRAQWFAIQHISLN,10.0,Micrococcus luteus,19,2310.6139
30683,KAACAAKCLWR,30.72484833,Micrococcus luteus,11,1220.5105
30354,FLKALWKVAKKVF,0.4,Micrococcus luteus,13,1577.995
31120,FSCDVLSFQSKWVSPNHSACAVRCLAQRRKGGKCKNGDCVCR,4.54,Micrococcus luteus,42,4646.368399999999
30810,LRPHPPRPQPIYVPRNNG,59.28643792,Micrococcus luteus,18,2108.4080000000004
31076,NEPTHLLKAFSKAGFQ,37.5,Micrococcus luteus,16,1788.0113
30760,LAIDQSVLLLK,14.84,Micrococcus luteus,11,1212.4784
30946,SLLPLIRKLIT,1.56,Micrococcus luteus,11,1266.6153000000002
30904,RPRPNYRPRPIYRP,5.440322276,Micrococcus luteus,14,1838.1264
30716,KLLNLLPGLLAGIF,25.0,Micrococcus luteus,14,1481.8629
30684,KAIKRIGKRIKKLLLKLKKK,0.415943999,Micrococcus luteus,20,2404.169800000001
30537,GLLNGLALRLGKRALKKIIKRLCR,0.576833288,Micrococcus luteus,24,2704.4209
30448,GILSSLLKKWKKIIAK,3.0,Micrococcus luteus,16,1826.3161000000005
30704,KLFAVIKKVAAVIGGL,61.46033316,Micrococcus luteus,16,1627.0657
30621,GWLPTFGKILRKAMQLGPKLIQPI,1.0,Micrococcus luteus,24,2706.3405000000007
31017,VTCDLLSFEAKGFAANHSICAAHCLVIGRKGGACQNGVCVCRN,1.85,Micrococcus luteus,43,4438.1477
30492,GLFAVIKKVASVIKKL,14.5841808,Micrococcus luteus,16,1714.1861
30554,GLPVCGETCVGGTCNTPGCTCSWPVCTRN,40.4,Micrococcus luteus,29,2916.3370000000004
30658,ILPWKWPWWPWRR,2.097239231,Micrococcus luteus,13,1907.2693
30535,GLLGLLGSVVSHVLPAITQHL,23.53467467,Micrococcus luteus,21,2124.5248
30531,GLIGSIGKALGGLLVDVLKPKL,46.26054503,Micrococcus luteus,22,2161.6693000000005
30379,FTCNSYACKAHCILQGHKSGSCARINLCKCQR,51.1,Micrococcus luteus,32,3545.1527
30687,KFFKFFKFF,7.778620462,Micrococcus luteus,9,1285.5750000000005
30937,SFGLCRLRRGFCARGRCRFPSIPIGRCSRFVQCCRRVW,2.25,Micrococcus luteus,38,4507.4018000000015
30865,RGGCLCYCRRRFCVCVCR,0.3,Micrococcus luteus,18,2153.6704
30429,GILDTLKQFAKGVGKDLVKGAAQG,2.070566565,Micrococcus luteus,24,2414.798
30425,GIGKFLKKAKKFGKAFVKILKK,2.017627202,Micrococcus luteus,22,2478.1585000000005
30613,GVWSTVLGGLKKFAKGGLEAIVNPK,0.5,Micrococcus luteus,25,2570.0369000000005
30333,FLGAVVKALSKLL,10.3038874,Micrococcus luteus,13,1358.7105
30435,GILDTLKQFAKGVGKDLVKGAAQGVLSTVS,1.665847014,Micrococcus luteus,30,3001.476099999999
30647,ILGKIWKGIKNIL,2.0,Micrococcus luteus,13,1495.8929
30701,KKVVVKVKFK,0.648608411,Micrococcus luteus,10,1202.5746
30479,GKPRPYSPRPTPHPRL,5.387529002,Micrococcus luteus,16,1856.1385
30719,KMDSRWRWKSSKK,5.223414128,Micrococcus luteus,13,1723.0109999999995
30521,GLFKVIKKVAKVIKKL,13.79405096,Micrococcus luteus,16,1812.3755
30805,LNWGALLKHLLK,2.2,Micrococcus luteus,12,1405.7289
30324,FLGALWNVAKSLF,0.8,Micrococcus luteus,13,1465.7359
30991,VDKPPYLPRPRPPRRIYNNR,4.790624747,Micrococcus luteus,20,2504.8925000000004
31081,GLLDSIKGMAISAGKGALQNLLKVASCKLDKTC,0.746712315,Micrococcus luteus,33,3348.0096000000003
30833,PGTAAFK,36.0,Micrococcus luteus,7,690.7876
30599,GSKKPVPIIYCNRRTGKCQR,3.75,Micrococcus luteus,20,2304.7405
30603,GVGDLIRKAVSVIKNIV,4.508973259,Micrococcus luteus,17,1781.1477999999995
31116,DKLIGSCVWGAVNYTSDCNGECLLRGYKGGHCGSFANVNCWCET,25.0,Micrococcus luteus,44,4732.2735
30660,ILRWPWWPWRRK,11.23513514,Micrococcus luteus,12,1780.1299
30932,RWCFRVCYRGICYRKCR,1.0,Micrococcus luteus,17,2268.7577
30571,GMASLWAKVLPHVVKLIK,1.7,Micrococcus luteus,18,1990.5004
31052,GFGCPEDEYECHNHCKNSVGCRGGYCDAGTLRQRCTCYGCNQKGRSIQE,9.375,Micrococcus luteus,49,5434.9562000000005
30548,GLLSVLGSVAKHVLPHVVPVIAEHL,4.641996647,Micrococcus luteus,25,2585.0945
31117,EADEPLWLYKGDNIERAPTTADHPILPSIIDDVKLDPNRRYA,22.7,Micrococcus luteus,42,4819.300000000001
30747,KWKIFKKIEKVGRNIRNGIIKAVAVLGEAKAL,1.56,Micrococcus luteus,32,3592.3714
30386,FWQKMSFA,15.32236093,Micrococcus luteus,8,1044.2255
31167,SGGYCGGWHRLRC,17.0,Micrococcus luteus,13,1451.635
30290,FLGALFHALSHLL,8.0,Micrococcus luteus,13,1438.7139
30699,KKVVFKVKFKK,2.270106892,Micrococcus luteus,11,1378.7897
30459,GIMSSLMKKLAKHIAK,3.0,Micrococcus luteus,16,1756.2279
30654,ILPWKWPWWAWRR,1.6,Micrococcus luteus,13,1881.232
30606,GVIDAAKKVVNVLANLF,56.46182749,Micrococcus luteus,17,1771.1081000000004
30733,KVNVNAIKKGGKAIGKGFKVISAASTAHDVYEHIKNRRH,10.0,Micrococcus luteus,39,4243.874499999999
30433,GILDTLKQFAKGVGKDLVKGAAQGVLST,0.888014987,Micrococcus luteus,28,2815.2678
30692,KKLLKKLLKWL,1.417560326,Micrococcus luteus,11,1410.8747
30293,FLGALFKALSKLL,2.055758179,Micrococcus luteus,13,1420.7799
30871,RGLRRLGRKIAHGVKKYGPTVLRIIRIA,1.0,Micrococcus luteus,28,3198.9042
30918,RSVCRQIKICRRRGGCYYKCTNRPY,1.05,Micrococcus luteus,25,3080.6423000000013
30513,GLFDVIKKVASVIGLASP,55.12154383,Micrococcus luteus,18,1814.1727
30679,ITKVIAKLLNRLTKILSK,1.05,Micrococcus luteus,18,2052.59
30276,FGVLAKVAAHVVPAIAEHF,50.59901646,Micrococcus luteus,19,1976.3230000000003
30310,FLGALFKWASK,39.44720268,Micrococcus luteus,11,1267.517
30715,KLLLKLLLKLLK,4.387292646,Micrococcus luteus,12,1435.9653
30562,GLWQKIKSAAGDLASGIVEAIKS,2.56115931,Micrococcus luteus,23,2342.6891
30690,KKKLLLLLLLLLKKK,16.0,Micrococcus luteus,15,1805.4675
30424,GIGKFLHSAKKFGKAFVGEIMNS,20.268376,Micrococcus luteus,23,2466.8972000000003
30728,KPYLKRFQVYYKGRMWC,6.25,Micrococcus luteus,17,2266.7301
30972,TPFLLVGTQIDLR,4.7,Micrococcus luteus,13,1472.7270999999998
30864,RGFRKHFNKLVKKVKHTISETAHVAKDTAVIAGSGAAVVAAT,1.17,Micrococcus luteus,42,4416.096100000001
30508,GLFDVIKKVAAVIGGL,7.500214694,Micrococcus luteus,16,1599.9542
30321,FLGALWNPAKSVF,25.0,Micrococcus luteus,13,1449.6935
31045,YVPPVQKPHPNGPKFPTFP,13.3,Micrococcus luteus,19,2147.4754000000007
31023,VYPKTKTYFPHFDLHHGSAQVRTHGKKVLNALG,4.161936133,Micrococcus luteus,33,3748.2555
30766,LGAWLAGKVAGTVATYAWNRYV,0.6,Micrococcus luteus,22,2367.7015000000006
30894,RLLRPLLQLLKQKLR,1.059101126,Micrococcus luteus,15,1888.3938
30224,AQWFAIQHISLNPPRSTIAMRAINNYRWR,3.5,Micrococcus luteus,29,3512.0149
30280,FIGALLRPALKLLA,25.0,Micrococcus luteus,14,1495.8929
30331,FLGALWRVAKSVF,1.6,Micrococcus luteus,13,1493.7924
30863,RFRLPFRRPPIRIHPPPFYPPFRRFL,1.6,Micrococcus luteus,26,3377.048700000001
30242,CGGYSGGWHRLRSTSYRCG,12.0,Micrococcus luteus,19,2103.3037
30888,RKLRRLKRKIAHKVKKY,2.0,Micrococcus luteus,17,2221.7861000000007
30644,ILGKFWEGIKSLF,0.78,Micrococcus luteus,13,1537.8417
30754,KWKVLKKKIMKMLRNRINGLVKAGPALKVKLQALAL,1.0,Micrococcus luteus,36,4100.214500000001
30694,KKLLKWLLKLL,1.146246758,Micrococcus luteus,11,1395.86
30686,KESRAKKFQRQHMDSDSSPSSSSTYSNQMMRRRNMTQGRSKPVNTFVH,9.0,Micrococcus luteus,48,5633.221800000001
31089,DLWNSIKDMAAAAGRAALNAVTGMVNQ,0.0746,Micrococcus luteus,27,2789.1509
30270,FFGHLFKLATKIIPSLFQ,47.5,Micrococcus luteus,18,2107.5372
30544,GLLSVLGSVAKHVLAHVVAVIAEHL,39.47856864,Micrococcus luteus,25,2533.0199
30844,QDNSRYTHFLTQHYDAKPQGRDDRYSESIMRRRGLTSPSKDINTFIH,10.0,Micrococcus luteus,47,5640.099999999999
30921,RSVIFGCTKSKIPPICFVGFK,1.342439642,Micrococcus luteus,21,2327.8514
30788,LLKWLKKLLKK,2.835120652,Micrococcus luteus,11,1410.8747
30950,SLLSLIRKLIT,0.8,Micrococcus luteus,11,1256.5774
30323,FLGALWNVAKRVF,1.6,Micrococcus luteus,13,1520.8176999999998
30383,FWGALAKGALKLIPSLVSSFT,1.5,Micrococcus luteus,21,2206.6237
30462,GIMSSLMKKLKAHIAK,3.0,Micrococcus luteus,16,1756.2279
30573,GNNKPVYIPRPRPPHPRLV,0.108716228,Micrococcus luteus,19,2207.5821
30856,QRRCRQRRGICRPRPCPPENFSLGRLDCQMGQMCCRRRFGK,1.6,Micrococcus luteus,41,4953.864200000001
30623,GWMSKIASGIGTFLSGMQQ,3.0,Micrococcus luteus,19,1999.3134
31062,GWGCNIFGGNDYRCHRHCKSIRGYKGGYCKLGGICKCY,16.0,Micrococcus luteus,38,4274.936100000001
30490,GLFAVIKKVASVIGGL,7.633859245,Micrococcus luteus,16,1571.9441000000002
31124,GLLDALSGILGL,21.90374374,Micrococcus luteus,12,1141.3574
30340,FLGVLFKVLSKLL,1.354200571,Micrococcus luteus,13,1476.8860999999995
30814,LSFPTTKTYFPHFDLSHGSAQVKGHGAKVAAALTKAVEHLDDLPGALSEL,45.0,Micrococcus luteus,50,5274.892799999998
30809,LNWKAILKHIIK,1.3,Micrococcus luteus,12,1476.8499000000002
30650,ILPFKFPFFPFRR,0.4,Micrococcus luteus,13,1712.0888
31093,FTCDVLSAEGSFRGVSVKLNHSACATHCLFLKKRGGYCNNKAICVCRN,0.032,Micrococcus luteus,48,5223.049800000001
30437,GILDTLKQFAKGVGKDLVKGAAQGVLSTVSCKLALTC,0.669445992,Micrococcus luteus,37,3734.431199999999
30817,LVTLASHLPSDFTPAVHASLDKFLANVSTVLTSKYR,64.0,Micrococcus luteus,36,3900.4361
30725,KPKGMTSSQWFKIQHMQPSPQASNSAMKNINKHTKRSKDLNTFLH,5.0,Micrococcus luteus,45,5209.9437
30987,VDKPPYLPRPRPPRRIYN,32.13096977,Micrococcus luteus,18,2234.6042
30829,NLWAGILKHIIK,2.5,Micrococcus luteus,12,1405.7289
30925,RVCYAIPLPICY,21.26535527,Micrococcus luteus,12,1410.7453
30889,RKMKRVWKRFKL,29.83062351,Micrococcus luteus,12,1676.1299
30820,MLTAEEKAAVTAFWGKVKVDEVGGEALGRL,45.0,Micrococcus luteus,30,3176.640300000001
30899,RPKKVQGRKAEKDNGDGTTAANASGKKKSSNVFK,1.137625366,Micrococcus luteus,34,3603.9984
30634,HVDKKVADKVLLLKQLRIMRLLTRL,1.15,Micrococcus luteus,25,3000.7365
30697,KKVVFKVKFH,6.35130127,Micrococcus luteus,10,1259.5844000000002
30769,LKKLLKKLLKW,2.835120652,Micrococcus luteus,11,1410.8747
30533,GLKEVAHSAKKFAKGFISGLTGS,32.0,Micrococcus luteus,23,2333.6839000000004
30350,FLKALFKALKKLL,1.956952396,Micrococcus luteus,13,1532.9959
30464,GIMSSLMKKLKKIIAK,3.0,Micrococcus luteus,16,1789.3406
30832,PGAAVFK,36.0,Micrococcus luteus,7,688.8147
30786,LLKWLKK,26.93341811,Micrococcus luteus,7,928.2149
30608,GVIDAAKKVVNVLKNLP,14.05960451,Micrococcus luteus,17,1778.1439000000005
30249,CRFCCRCCPRMRGCGLCCRF,3.75,Micrococcus luteus,20,2374.006
30210,ACADLRGKTFCRLFKSYCDKKGIRGRLMRDKCSYSCGCR,1.25,Micrococcus luteus,39,4497.327800000001
30326,FLGALWNVAKSYF,0.8,Micrococcus luteus,13,1515.7515
30552,GLMSSIGKALGGLIVDVLKPKTPAS,40.7672328,Micrococcus luteus,25,2452.9504
30895,RLLSLIRKLIT,0.5,Micrococcus luteus,11,1325.6858000000002
31063,GYGCNIFGGNDYRCHRHCKSIRGYKGGYCKLGGICKCY,2.0,Micrococcus luteus,38,4251.8994
30947,SLLSLFRKLI,1.56,Micrococcus luteus,10,1189.4897
31126,GLVSSIGRALGGLLADVVKSKEQPA,20.27703951,Micrococcus luteus,25,2465.8432000000003
30230,ATCDILSFQSQWVTPNHAGCALHCVIKGYKGGQCKITVCHCRR,0.225,Micrococcus luteus,43,4734.5148
30281,FIGALLRPALKLLAGK,4.0,Micrococcus luteus,16,1681.1165000000003
30755,KWLKKLLKKLL,2.835120652,Micrococcus luteus,11,1410.8746999999998
30407,GFLSALKKYLPIVLKHV,1.17,Micrococcus luteus,17,1926.3902
30952,SLLSLIRLLIT,12.5,Micrococcus luteus,11,1241.5627000000002
30761,LDDLPGALSELSDLHAHKLRVDPVNFKLLSHSL,43.0,Micrococcus luteus,33,3651.1306
30525,GLFKVLGSVAKHLLPHVVPVIAEKL,2.251183025,Micrococcus luteus,25,2665.2653
31154,ISQSDAILSAIWSGIKSLF,4.0,Micrococcus luteus,19,2036.3271000000004
30225,AQWFAIQHISLNPPRSTIAMRAINNYRWRSKNQNTFLR,1.5,Micrococcus luteus,38,4601.219900000001
30978,VCSCRLVFCRRTELRVGNCLIGGVSFTYCCTRV,0.2,Micrococcus luteus,33,3715.444200000001
30359,FLKWLFKWLKK,2.01698864,Micrococcus luteus,11,1536.9447
30785,LLKLLKWLLKLLK,3.883674217,Micrococcus luteus,13,1622.1752
30234,ATCDLLSGFGVGDSACAAHCIARRNRGGYCNAKKVCVCRN,3.460060284,Micrococcus luteus,40,4161.7772
30784,LLKKLLKWLKK,2.835120652,Micrococcus luteus,11,1410.8747
30846,QEWCRGLGGFCSFYQCRPGHDLGPQDCWPERRCCRWGK,28.4,Micrococcus luteus,38,4519.0996
30279,FIGALLGPLLNLLK,12.5,Micrococcus luteus,14,1481.8629
30825,NIKISGKWKAQKRFLK,32.0,Micrococcus luteus,16,1945.3573
30924,RVCFAIPLPICH,14.61227782,Micrococcus luteus,12,1368.7120000000002
30315,FLGALWHALSKLL,2.0,Micrococcus luteus,13,1468.783
30358,FLKWLFKWAKK,2.073765858,Micrococcus luteus,11,1494.865
30917,RSMRLSFRARGYGFR,2.0,Micrococcus luteus,15,1860.1533
30460,GIMSSLMKKLAKIIAK,3.0,Micrococcus luteus,16,1732.2462
30876,RKCVRVQLIKNGKTVTAF,7.2,Micrococcus luteus,18,2061.4973
31004,VLSAADKGNVKAAWGKVGGHAAEYGAEA,54.0,Micrococcus luteus,28,2727.9802
31098,AAAAGSCVWGAVNYTSDCNGECKRRGYKGGHCGSFANVNCWCET,25.0,Micrococcus luteus,44,4605.053000000001
30409,GFMSKVANFAKKFAKGGVNAIMNQK,0.5,Micrococcus luteus,25,2687.1896
30431,GILDTLKQFAKGVGKDLVKGAAQGVL,0.951624511,Micrococcus luteus,26,2627.086599999999
30709,KLGKKLRKKLKKIGKGLKAI,0.444656081,Micrococcus luteus,20,2248.9291
30233,ATCDLLSGFGVGDSACAAHCIARGNRGGYCNSKKVCVCRN,1.945595765,Micrococcus luteus,40,4078.642200000001
30652,ILPWKWAWWPWRR,0.4,Micrococcus luteus,13,1881.232
30430,GILDTLKQFAKGVGKDLVKGAAQGV,1.988918541,Micrococcus luteus,25,2513.928999999999
30223,APRMEIGKRREKLGRNVFKAAKKALPVIAGYKALG,1.7,Micrococcus luteus,35,3838.618500000001
30612,GVWSTILGGLKKFAKGGLDAIVNPK,0.5,Micrococcus luteus,25,2570.0369000000005
31036,WLRAFRRLVRRLARLLRR,13.29,Micrococcus luteus,18,2407.9594
30341,FLGWLFKVASK,19.29652436,Micrococcus luteus,11,1295.5700999999997
31118,FLSLLPSIVSGAVSLAKKL,1.3,Micrococcus luteus,19,1943.3728000000008
30237,ATCDLLSGTGINHSACAAHCLLRGNRGGYCNGKGVCVCRN,0.675,Micrococcus luteus,40,4066.6348000000016
30463,GIMSSLMKKLKKHIAK,3.0,Micrococcus luteus,16,1813.3223000000005
30631,HSSGYTRPLRKPSRPIFIRPIGCDVCYGIPSSTARLCCFRYGDCCHL,2.05,Micrococcus luteus,47,5304.167399999999
30526,GLFSVLGSVAKHLLPHVAPIIAEKL,4.597447849,Micrococcus luteus,25,2610.1438000000003
30345,FLHHIVGLIHHGKLDMYRSNN,10.0,Micrococcus luteus,21,2501.8650000000007
30935,RWRWRW,0.6,Micrococcus luteus,6,1045.2021000000002
30415,GFWGKLWEGVKNAIKKK,0.25,Micrococcus luteus,17,1989.365
30712,KLLKWLKKLLK,1.417560326,Micrococcus luteus,11,1410.8747
30220,ANFLPKIFCKITRKC,14.02741979,Micrococcus luteus,15,1782.2237
30243,CLGIGSCNDFAGCGYAIVCFW,0.727421617,Micrococcus luteus,21,2199.5497
31001,VIPFVASVAAEMMHHVYCAASKRC,9.537865249,Micrococcus luteus,24,2621.1316
30942,SIPCGESCVFIPCTVTALLGCSCKSKVCYKN,48.0,Micrococcus luteus,31,3254.904500000001
30802,LNWGAILKHKIK,30.0,Micrococcus luteus,12,1420.7436
30598,GRRWWWWRAR,10.29209154,Micrococcus luteus,10,1515.7269
30449,GILSSLWKKLKKIIAK,3.0,Micrococcus luteus,16,1826.3161000000005
30949,SLLSLIRKFFT,0.39,Micrococcus luteus,11,1324.6098000000002
30456,GIMSSLMKKLAAHIAK,3.0,Micrococcus luteus,16,1699.1335
30266,FCTMIPIPRCY,14.88450406,Micrococcus luteus,11,1343.6793
30827,NLCASLRARHTIPQCKKFGRR,2.565240896,Micrococcus luteus,21,2455.9097000000006
31040,YCNGKRVCVCR,23.06668856,Micrococcus luteus,11,1300.5768000000005
31058,GLFGILGSVAKHVLPHVIPVVAEHL,7.683113665,Micrococcus luteus,25,2603.1113
30703,KLALKLALKALKAALKLA,34.62147595,Micrococcus luteus,18,1877.4474
30502,GLFDIVKKVVGAFGSL,60.6071699,Micrococcus luteus,16,1649.9698
31082,KWPWWPWRR,0.4,Micrococcus luteus,9,1397.629
31012,VRRFPWWWPFLRR,1.1,Micrococcus luteus,13,1902.2544
31068,KKKVVFKVKFK,2.270106892,Micrococcus luteus,11,1378.7897
30491,GLFAVIKKVASVIKGL,3.65171167,Micrococcus luteus,16,1643.0650999999998
30483,GKVWDWIKSTAKKLWNSEPVKELKNTALNAAKNLVAEKIGATPS,50.0,Micrococcus luteus,44,4836.545800000001
30208,AACSLGSLLNVGCNSCACAAHCLATRGKNGACNSQRRCVCNK,30.26077912,Micrococcus luteus,42,4229.8977
30325,FLGALWNVAKSVF,1.56,Micrococcus luteus,13,1451.7092999999998
30751,KWKVFKKIEKMGRNIRNGIVKAGPAIAVLGEAKAL,0.73,Micrococcus luteus,35,3835.6542
30308,FLGALFKVVSKLL,4.181748841,Micrococcus luteus,13,1434.8064
30289,FLGALAKALSKLL,11.89870631,Micrococcus luteus,13,1344.684
30346,FLHHIVGLIHHGLSLFGDRAD,10.0,Micrococcus luteus,21,2354.6663
31051,GFGCNIFGGNDYRCHRHCKSIRGYKGGYCKLGGICKCY,4.0,Micrococcus luteus,38,4235.900000000001
30390,GALRGCWTKSYPPKPCK,8.0,Micrococcus luteus,17,1892.2517
30558,GLVSSIGRALGGLLADVVKSKGQPA,41.77492464,Micrococcus luteus,25,2393.7805000000003
30919,RSVIFGCTKSIPPICFVGFK,0.568264707,Micrococcus luteus,20,2199.6791000000003
30912,RRWPWWPWKWPLI,0.4,Micrococcus luteus,13,1907.2693
31141,ILPWAWPWWPWRR,0.8,Micrococcus luteus,13,1850.1749
30316,FLGALWKALSHLL,4.0,Micrococcus luteus,13,1468.783
30828,NLLGSLLKTGLKVGSNLL,26.0,Micrococcus luteus,18,1840.2117000000003
30501,GLFDIVKKIAGHIVSSI,55.64379734,Micrococcus luteus,17,1797.1455
30649,ILLKIWEGIKSLF,0.78,Micrococcus luteus,13,1559.9317999999998
30795,LNLKGLIKKVASLLN,15.0,Micrococcus luteus,15,1624.0205
30629,HKVVFKVKFH,7.883007342,Micrococcus luteus,10,1268.5514000000005
30344,FLGWLFKWAWK,2.092076187,Micrococcus luteus,11,1481.7816
30845,QEECLQQGGFCRLIRCPFGYDSLEQQDCRKGQRCCIRKPRK,3.2,Micrococcus luteus,41,4877.6175
30421,GIFSKLAGKKIKNLLISGLKNIGKEVGMDVVRTGIDIAGCKIKGEC,1.30792382,Micrococcus luteus,46,4816.7943
30238,ATCDLLSGTGVGHSACAAHCLLRGNRGGYCNGKGVCVCRN,1.4,Micrococcus luteus,40,3995.5569000000014
30657,ILPWKWPWWPWR,0.8,Micrococcus luteus,12,1751.0836000000002
31049,CVWGGDCTDFLGCGTAWICV,10.0,Micrococcus luteus,20,2106.4234
30822,MWITNGGVANWYFVLAR,12.5,Micrococcus luteus,17,1998.3085
30594,GRPNPVNNKPTPHPRPIRV,0.232941919,Micrococcus luteus,19,2146.4578
31047,ATCDLLSISTPWGSVNHAACAAHCLALNRGFRGGYCSSKAVCTCRK,2.29,Micrococcus luteus,46,4801.5164
31055,GFIFHIIKGLFHAGKMIHGLVTRRRHGVEE,0.903945847,Micrococcus luteus,30,3457.0655000000006
30580,GNNRPVYIPRPRPPHPRI,0.458701748,Micrococcus luteus,18,2136.4645
30461,GIMSSLMKKLAKIIKK,3.0,Micrococcus luteus,16,1789.3406
30717,KLLSHSL,39.2,Micrococcus luteus,7,796.9543
30365,FLRALWNVAKSVF,1.6,Micrococcus luteus,13,1550.8436999999997
31080,FEVLPNFKHIQVKVFNHGEHIHHH,1.95,Micrococcus luteus,24,2944.3117999999995
31107,CGGWKRLRC,13.0,Micrococcus luteus,9,1078.3149
30656,ILPWKWPWWPWKK,0.4,Micrococcus luteus,13,1851.2425
30958,SQMGQMSSRRRFGK,26.6,Micrococcus luteus,14,1655.9033999999997
30976,VAEARQGSFSY,6.242362268,Micrococcus luteus,11,1214.2839
30861,RDNIQGITKPAIRRLARRGGVKRISGLIY,2.378876963,Micrococcus luteus,29,3278.8581000000004
31015,VTCDLLSAEAKGVKVNHAACAAHCLLKRKRGGYCNKRRICVCRN,0.032,Micrococcus luteus,44,4830.7382
30355,FLKALWKVAKSVF,0.4,Micrococcus luteus,13,1536.9
30401,GFGCPGDQYECNRHCRSIGCRAGYCDAVTLWLRCTCTGCSGKK,0.01,Micrococcus luteus,43,4677.3361
30583,GNNRPVYLPQPRPPHPRI,0.924868432,Micrococcus luteus,18,2108.4080000000004
30236,ATCDLLSGTGINHSACAAHCLLRGNRGGYCNGKAVCVCRN,0.294069976,Micrococcus luteus,40,4080.661400000001
30967,SVIFGCTKSIPPICFVGFK,3.058487979,Micrococcus luteus,19,2043.4934000000003
30975,TTMPLW,64.0,Micrococcus luteus,6,747.9018
30396,GFCRCLCRRGVCRCICTR,0.5,Micrococcus luteus,18,2105.6277
30992,VDKPPYLPRPRPPRRIYNR,3.346174417,Micrococcus luteus,19,2390.7899
30299,FLGALFKLASK,10.46493881,Micrococcus luteus,11,1194.4647
30563,GLWQKIKSAAGDLASGIVEGIKS,5.15317269,Micrococcus luteus,23,2328.6625
30335,FLGELWNVAKSVF,25.0,Micrococcus luteus,13,1509.7454
30823,NDAACAAHCLFRGRSGG,58.62090797,Micrococcus luteus,17,1705.8760000000002
30635,IFGAIWKGISSLL,18.0,Micrococcus luteus,13,1404.6944
30927,RVKRVWPLVIRTVIAGYNLYRAIKKK,0.50925501,Micrococcus luteus,26,3141.844400000001
30314,FLGALWHALSHLL,8.0,Micrococcus luteus,13,1477.75
30724,KPKDMTSSQWFKTQHVQPSPQASNSAMSIINKYTERSKDLNTFLH,10.0,Micrococcus luteus,45,5208.796699999999
30801,LNWGAILKHIKK,10.8,Micrococcus luteus,12,1420.7436
30916,RSICCSFPDPWGGLCCEDHCSYIGKPGGQCSDKGVCTCN,0.96907129,Micrococcus luteus,39,4127.663300000001
31103,ALPWKWPWWPWRR,0.4,Micrococcus luteus,13,1865.1896
30738,KWCFCVCYRGICRCRCRG,0.5,Micrococcus luteus,18,2212.7359
30898,RLYRRLYRRLYRRLYRRLYRRLYRRLYRRLYR,28.4,Micrococcus luteus,32,4727.6329000000005
31148,ILPWKWPWW,1.6,Micrococcus luteus,9,1311.5728
30381,FVGALFKALSKLL,4.265140164,Micrococcus luteus,13,1406.7533
30295,FLGALFKALSKVL,5.686853551,Micrococcus luteus,13,1406.7533
30478,GKLTKDKLKRGAKKALNVASKVAPIVAAGASIAR,14.56,Micrococcus luteus,34,3432.114599999999
31079,RRHCIKKCMKSRKHNERMIRIRRK,5.0,Micrococcus luteus,24,3164.8998
30408,GFLSILKKVLPKVMAHMK,1.0,Micrococcus luteus,18,2040.6237
30367,FLSFPTTKTYFPHF,5.0,Micrococcus luteus,14,1732.9723
30343,FLGWLFKWASK,6.798543954,Micrococcus luteus,11,1382.649
30357,FLKALWNVAKSVF,0.78,Micrococcus luteus,13,1522.8303
31137,ILPIKIPIIPIRR,25.0,Micrococcus luteus,13,1542.0078
30445,GILSKLLKKLKKIIAK,3.0,Micrococcus luteus,16,1794.3588000000004
30857,QRRCRQRRGICRPRPCPPENFSLGRLDCQMGRMCCRRRFGK,0.8,Micrococcus luteus,41,4981.920700000001
30759,LAHRYH,9.0,Micrococcus luteus,6,795.8883
30746,KWKIFKKIEKVGRNIRNGIIKAGPAVAVLGEAKAL,0.78,Micrococcus luteus,35,3817.6158
30307,FLGALFKVAWK,19.5378028,Micrococcus luteus,11,1279.5707
31146,ILPWKWPW,6.3,Micrococcus luteus,8,1125.3629
30499,GLFDIVKKIAGHIAGSI,57.50211723,Micrococcus luteus,17,1739.0664000000002
30553,GLMSVLGHAVGNVLGGLFKPKS,0.687569009,Micrococcus luteus,22,2181.599200000001
30274,FFSLLPSLIGGLVSAIK,11.34983986,Micrococcus luteus,17,1762.1394
31050,FLSTIWNGIKSLF,4.0,Micrococcus luteus,13,1525.7878999999998
30551,GLLSVLGSVVKHVIPHVVPVIAEHL,4.592163106,Micrococcus luteus,25,2613.1476
30777,LKWGAILKHIIK,3.7,Micrococcus luteus,12,1419.7986
30878,RKIKRYLRRMI,2.038560165,Micrococcus luteus,11,1532.9447
30403,GFGCPLNERECHSHCQSIGRKFGYCGGTLRLTCICGKE,0.06,Micrococcus luteus,38,4161.7723000000005
31108,CGGYCGGWKRKRCTSYRCG,8.0,Micrococcus luteus,19,2141.4826000000003
30645,ILGKIWEGIKSLF,0.78,Micrococcus luteus,13,1503.8255
31152,ILPWKWPWWPWRA,0.8,Micrococcus luteus,13,1822.1615
30783,LLGDFFRKSKEKIGKEFKRIVQRIKDFLRNLVPRTES,7.746773355,Micrococcus luteus,37,4493.2629
30591,GRLKKLGKKIEGAGKRVFKAAEKALPVVAGVKAL,0.75,Micrococcus luteus,34,3532.318
30248,CNGKRVCVCR,10.98994236,Micrococcus luteus,10,1137.4036
30327,FLGALWNVFKSVF,0.8,Micrococcus luteus,13,1527.8052
30570,GMASLLAKVLPKVVKLIK,1.2,Micrococcus luteus,18,1908.4811
30691,KKLLFKLKFK,2.413558256,Micrococcus luteus,10,1292.6972
30484,GKWGWIYITILFADVGGFKSSRHPEERRVQERRFKRITRGPD,16.7,Micrococcus luteus,42,5046.709000000001
30485,GLAANFLPKIFCKITRKC,6.177383315,Micrococcus luteus,18,2023.5105000000003
30241,CGGYCGGWHRLRCTSYRCG,10.0,Micrococcus luteus,19,2135.4349
30418,GFWSSVWDGAKNVGTAI,16.0,Micrococcus luteus,17,1794.9589999999998
31072,KVVFKVKFK,5.568201064,Micrococcus luteus,9,1122.4451
30929,RVVRPVVQGVKQKVR,36.61059354,Micrococcus luteus,15,1748.1279000000004
31061,GSCSCSGTISPYGLRTCRATKTKPSHPTTKETHPQTLPT,63.3,Micrococcus luteus,39,4131.629500000001
30959,SQMGRMSSRRRFGK,26.1,Micrococcus luteus,14,1683.9598999999998
30980,VDKPPYLPRPHPPRRIYN,14.12736783,Micrococcus luteus,18,2215.5578000000005
31164,RRFPFFPFKFPLI,0.4,Micrococcus luteus,13,1712.0888
31168,SGGYCGGWKRKRCTSYRSG,12.0,Micrococcus luteus,19,2109.3514000000005
30487,GLFAVIKKVAAVIKKL,14.72158509,Micrococcus luteus,16,1698.1867000000002
30815,LTCDILGSTPACAAHCIARGYRGGWCDGQSVCNCRR,0.6,Micrococcus luteus,36,3815.351600000001
30400,GFGCPFNQGQCHKHCQSIRRRGGYCDGFLKTRCVCYR,0.16,Micrococcus luteus,37,4282.920200000001
30964,SSMKLSFRARAYSFRGPGPQL,2.0,Micrococcus luteus,21,2356.7039000000004
30906,RRGCFRVCYRGFCFQRCR,0.5,Micrococcus luteus,18,2313.7585000000004
30439,GILDTLKQFAKGVGKWLVKGAAQ,1.029285562,Micrococcus luteus,23,2428.8692
30721,KNWGAILKHIIK,9.0,Micrococcus luteus,12,1420.7436000000002
30549,GLLSVLGSVAKHVLPHVVPVIAEKL,9.704488617,Micrococcus luteus,25,2576.1275
30402,GFGCPGNQLKCNNHCKSISCRAGYCDAATLWLRCTCTDCNGKK,0.01,Micrococcus luteus,43,4642.3318
31150,ILPWKWPWWPW,0.8,Micrococcus luteus,11,1594.8979000000002
30624,GYGCPFNQYQCHSHCKGIRGYKGGYCKGAFKQTCKCY,0.22456914,Micrococcus luteus,37,4185.793300000002
31162,RLLGNCLTVVMAAKLGTAFSPEIQCAWQK,31.2,Micrococcus luteus,29,3149.7505999999994
31044,YVPLPNVPQPGRRPFPTFPGQGPFNPKIKWPQGY,4.512123315,Micrococcus luteus,34,3878.4401000000016
30661,INLKALAALAKKIL,6.3,Micrococcus luteus,14,1479.892
30615,GWLKKFGKKIERVGQHTRDATIQAIGVAQQAANVAATLKG,37.5,Micrococcus luteus,40,4261.8865
30680,ITKVITKLLNRLSKILSK,1.05,Micrococcus luteus,18,2068.5894
30803,LNWGAILKKIIK,2.7,Micrococcus luteus,12,1396.7619
31114,DKLIGSCVWGAVNYTSDCAAECKRRGYKGGHCGSFANVNCWCRT,50.0,Micrococcus luteus,44,4788.3899
30790,LLKWLLKWLKK,0.885008588,Micrococcus luteus,11,1468.9123
31132,IKALGKKLRKGKKKIGKKVK,0.2222304,Micrococcus luteus,20,2249.9172000000003
31090,GGKCKNGDCVCR,25.98,Micrococcus luteus,12,1239.4492
30493,GLFDIAKKVIGVIGSL,15.33760962,Micrococcus luteus,16,1629.9802
30630,HSSGYTRPLRKPSRPIFIRPIG,9.375,Micrococcus luteus,22,2535.9463000000005
31078,QSHISLCRWCCNCCKANKGCGFCCKF,1.5,Micrococcus luteus,26,2943.5426000000007
30329,FLGALWNVLKSVF,0.4,Micrococcus luteus,13,1493.789
30860,RAGLKFPVGRVHRLLR,6.0,Micrococcus luteus,16,1875.274
31030,WGRAFSRGVRRLARGGRG,63.54,Micrococcus luteus,18,2015.2914
30246,CLPSGDCPDFLGCGRAIWCI,3.762048548,Micrococcus luteus,20,2126.501
30297,FLGALFKFASK,20.35033675,Micrococcus luteus,11,1228.4809
30907,RRLRPRRPRLPRPRPR,1.0,Micrococcus luteus,16,2135.5778
30277,FHEAIAPVVHAAVKALVGFLG,46.58677563,Micrococcus luteus,21,2146.5319000000004
31172,WPWWPWRR,1.6,Micrococcus luteus,8,1269.4567000000002
30512,GLFDVIKKVASVIGGL,7.425955795,Micrococcus luteus,16,1615.9536000000005
30419,GFWSSVWDGAKNVGTAIIKNAKVCVYAVCVSHK,0.125,Micrococcus luteus,33,3539.0914999999995
30413,GFVDFLKKVAGTIANVVT,53.21405155,Micrococcus luteus,18,1879.2029
31083,LVVAVTDGEADAAVEGLHDNTDFIHYGSHGKYPDNRPHGYPLD,9.15,Micrococcus luteus,43,4663.934700000002
30710,KLKLLKLLKLLKLLK,2.0,Micrococcus luteus,15,1805.4675
30528,GLFSVVTGVLKAVGKNVAKNVGGSLLEQLKCKISGGC,1.700510406,Micrococcus luteus,37,3675.3671
30776,LKVVFKVLFK,9.01204993,Micrococcus luteus,10,1220.588
31153,ILPWRWPWWPWRR,0.4,Micrococcus luteus,13,1935.2827
30748,KWKLFKKIFKRIVQRIKDFLRN,5.506653983,Micrococcus luteus,22,2905.5757000000003
30218,ALGKFWEKIKSLF,0.78,Micrococcus luteus,13,1566.8829999999998
30545,GLLSVLGSVAKHVLGHVVGVIAEHL,4.990086295,Micrococcus luteus,25,2504.9667
30884,RKIKVYLPRMK,17.46012213,Micrococcus luteus,11,1431.8341999999998
31113,DIQIPGIKKPTHRDIIIPNWNPNVRTQPWQRFGGNKS,55.0,Micrococcus luteus,37,4322.886600000001
30804,LNWGAKLKHIIK,38.8,Micrococcus luteus,12,1420.7436
31121,FTCDVLSAEGGFRGVSIKLNHAACAAHCLYLKKRGGYCNDKAVCVCRK,0.008,Micrococcus luteus,48,5178.052300000001
30867,RGGRLCYCRRRFCVCVGR,0.45,Micrococcus luteus,18,2160.6216
30245,CLGVGSCNDFAGCGYAIVCFW,0.73209018,Micrococcus luteus,21,2185.5230999999994
30617,GWLKKIGKKIERVGQHTRDATIQGLGIAQQAANVAATAR,6.3,Micrococcus luteus,39,4156.7527
31057,GGYYCPFRQDKCHRHCRSFGRKAGYCGGFLKKTCICV,0.37,Micrococcus luteus,37,4246.9692000000005
30322,FLGALWNVAKKVF,1.56,Micrococcus luteus,13,1492.8043
30330,FLGALWNVWKSVF,1.56,Micrococcus luteus,13,1566.8412999999998
30454,GIMSIVKDVAKNAAKEAAKGALSTLSCKLAKTC,0.752564929,Micrococcus luteus,33,3321.9725000000003
30773,LKKWLKKWLKK,26.68549417,Micrococcus luteus,11,1498.9417
30516,GLFEVIKKVASVIGGL,30.67521924,Micrococcus luteus,16,1629.9802000000004
30913,RSARAGLQFPVGRIHRHLK,3.375,Micrococcus luteus,19,2199.5667000000003
30706,KLGALWNVAKSKF,25.0,Micrococcus luteus,13,1461.7491
30974,TTKNYGNGVCNSVNWCQCGNVWASCNLATGCAAWLCKLA,12.5,Micrococcus luteus,39,4125.691799999999
30791,LLKWLLKWLLK,1.719515872,Micrococcus luteus,11,1453.8976
30477,GKLSSLWKKLKKIIAK,3.0,Micrococcus luteus,16,1841.3308
30668,INWLKAKKVAGMIL,19.5582461,Micrococcus luteus,14,1585.0091999999995
30897,RLYRRLYRRLYRRLYR,0.6,Micrococcus luteus,16,2372.8241000000003
30589,GRFKRFRKKFKKLFKKLSPVIPLLHLG,0.74,Micrococcus luteus,27,3283.0999000000006
30605,GVIDAAAKVVNVLKNLF,56.46182749,Micrococcus luteus,17,1771.1081000000004
30349,FLKAIKKFGKEFKKIGAKLK,1.72197218,Micrococcus luteus,20,2322.9179
30517,GLFGVLAKVAAHVVAAIAEHF,23.57940454,Micrococcus luteus,21,2120.4946
31109,CGGYSGGWKRKRSTSYRCG,9.0,Micrococcus luteus,19,2109.3514
30986,VDKPPYLPRPRPPRAIYNR,6.939378156,Micrococcus luteus,19,2305.6821000000004
30226,ARNFGKEFTPV,6.0,Micrococcus luteus,11,1265.4168000000002
30886,RKKAIKLVKKLVKKLKKALK,0.423346761,Micrococcus luteus,20,2362.1298
30304,FLGALFKVASKVLPSVFCAITKKC,0.972310994,Micrococcus luteus,24,2571.1938
31094,GAGCNIFGGNDYRCHRHCKSIRGYKGGYCKLGGICKCY,16.0,Micrococcus luteus,38,4159.8041
31074,LTCDLLSFEAKGFAANHSLCAAHCLAIGRKGGACQNGVCVCRR,1.119518872,Micrococcus luteus,43,4466.2043
31133,ILGWKWGWWGWRR,0.4,Micrococcus luteus,13,1787.0776
30902,RPPQFTRAQWFAIQHISLNPPRSTIAMRAINNYRWRSKNQNTFL,0.6,Micrococcus luteus,44,5328.0429
31144,ILPWKAPWWPWRR,0.8,Micrococcus luteus,13,1792.1373
30332,FLGAVFKALSKLL,4.265140164,Micrococcus luteus,13,1406.7533
30596,GRRPLLLRAR,51.76089316,Micrococcus luteus,10,1207.4753
31106,CGGWKRKRC,0.8,Micrococcus luteus,9,1093.3296
30666,INWLAIAAKVAGML,10.60632556,Micrococcus luteus,14,1470.8203999999998
30436,GILDTLKQFAKGVGKDLVKGAAQGVLSTVSCKLAKTC,0.666765188,Micrococcus luteus,37,3749.445899999999
30592,GRLKKLGKKIEGAGKRVFKAAEKALPVVAGVKALG,1.75,Micrococcus luteus,35,3589.3692999999994
30550,GLLSVLGSVAQHVLPHVVPVIAEHL,0.580259255,Micrococcus luteus,25,2585.0514
30486,GLADVIKKVASVIGGL,32.47053283,Micrococcus luteus,16,1539.8577000000005
31041,YKQCHKKGGHCFPKEKICLPPSSDFGKMDCRWRWKCCKKGSG,1.003381222,Micrococcus luteus,42,4889.7772
30503,GLFDIVKKVVGAIGSL,61.88296496,Micrococcus luteus,16,1615.9535999999998
30879,RKIKRYLRRMIIIW,25.70073306,Micrococcus luteus,14,1945.4698
30604,GVIAAAKKVVNVLKNLF,6.725729784,Micrococcus luteus,17,1784.1930000000002
31092,ATCDLFSFQSKWVTPNHAACAAHCTARGNRGGRCKKAVCHCRK,0.554087201,Micrococcus luteus,43,4692.4022
30426,GIGKFLKKAKKFGKAFVKMKK,0.75,Micrococcus luteus,21,2383.0393000000004
30767,LGGIVSAVKKIVDFLG,61.88296496,Micrococcus luteus,16,1615.9536000000005
30922,RSVIFGCYRRFCFVGFK,1.49844277,Micrococcus luteus,17,2085.4984000000004
30740,KWCFRVCYRGICYRKCR,2.0,Micrococcus luteus,17,2240.7443000000003
30752,KWKVFKKIEKMIRNIRNKIVK,0.5,Micrococcus luteus,21,2700.3841000000007
30538,GLLNTFKDWAISIAKGAGKGVLTTLSCKLDKSC,7.267356511,Micrococcus luteus,33,3440.0404000000003
31127,GLWQKIKDKASELVSGIVEGVK,0.167731144,Micrococcus luteus,22,2384.7688000000003
30763,LDVKKIICVACKIRPNPACKKICPK,0.8,Micrococcus luteus,25,2782.5478000000007
30744,KWCRCVCRRGICYCRCRG,0.5,Micrococcus luteus,18,2221.7478
30698,KKVVFKVKFK,3.198420236,Micrococcus luteus,10,1250.6174
30799,LNWGAIKKHIIK,46.7,Micrococcus luteus,12,1420.7436
30781,LKWLLKWLL,2.061740553,Micrococcus luteus,9,1212.5677
30955,SPAGCRFCCGCCPNMRGCGVCCRF,3.75,Micrococcus luteus,24,2531.0835999999995
30546,GLLSVLGSVAKHVLGHVVPVIAEHL,9.823064603,Micrococcus luteus,25,2545.0306
30219,ALLKLAPRLLAGIF,50.0,Micrococcus luteus,14,1495.8929
30782,LLAGLAANFLPKIFCKITRKC,2.692916673,Micrococcus luteus,21,2320.9036
30914,RSFIFGCTKSIPPICFVGFK,5.561186195,Micrococcus luteus,20,2247.7219
30371,FLSTIWNGIKSLL,8.0,Micrococcus luteus,13,1491.7716999999998
30514,GLFDVIKKVASVIKKL,28.43824658,Micrococcus luteus,16,1758.1956
30467,GIWSSLLKKLKKIIAK,3.0,Micrococcus luteus,16,1826.3161
30875,RKCVRVQLIKNGKKITAF,7.2,Micrococcus luteus,18,2102.5923
30611,GVWDWLKKTAKNVWNSDIVKQLKGKAINAAKNYVAEKIGATPS,4.0,Micrococcus luteus,43,4742.435900000001
30663,INWKKIKKKVAGML,0.603457218,Micrococcus luteus,14,1657.1183
30337,FLGFLFKVASK,9.947999815,Micrococcus luteus,11,1256.534
30597,GRRPWWWRAR,2.733710903,Micrococcus luteus,10,1426.6322
30849,QGSPARCRFCCRCCPRMRGCGICCRF,3.0,Micrococcus luteus,26,2970.6426
31005,VLSAADKGNVKAAWGKVGGHAAEYGAEAL,54.0,Micrococcus luteus,29,2841.1377999999995
30318,FLGALWKVAKKVF,0.8,Micrococcus luteus,13,1506.874
30559,GLWEKIKEKASELVSGIVEGVK,1.25011449,Micrococcus luteus,22,2399.7802
30434,GILDTLKQFAKGVGKDLVKGAAQGVLSTV,0.857809851,Micrococcus luteus,29,2914.398799999999
30392,GCKFTVKPYLKRFQVYYKGRMWCG,1.25,Micrococcus luteus,24,2959.5566000000003
30384,FWGALAKGALKLIPSLVSSFTKKD,15.8,Micrococcus luteus,24,2578.0557000000003
30414,GFWGKLLEGVKKAI,8.0,Micrococcus luteus,14,1545.8655
30836,PGTAVFK,31.0,Micrococcus luteus,7,718.8406999999999
31145,ILPWKWPAWPWRR,0.8,Micrococcus luteus,13,1792.1373
31048,CVKGGKKYKRQGKGHRMRRYRNNH,3.0,Micrococcus luteus,24,2958.4398
30268,FDVMGIIKKIASAL,30.0,Micrococcus luteus,14,1505.8629
30303,FLGALFKVASKVL,20.2121493,Micrococcus luteus,13,1392.7267
30572,GMATKAGTAFGKAAKAIIGAAL,2.0,Micrococcus luteus,22,2019.411
30500,GLFDIVKKIAGHIASSI,56.52615997,Micrococcus luteus,17,1769.0924
30915,RSGGYCNGKRVCVCR,15.07893157,Micrococcus luteus,15,1657.9424
30394,GCTYNVKPDIQGFELYFIGSVTCG,10.0,Micrococcus luteus,24,2611.9409000000005
30983,VDKPPYLPRPKPPRRIYNNR,6.45974202,Micrococcus luteus,20,2476.879100000001
30488,GLFAVIKKVAAVIRRL,28.50280197,Micrococcus luteus,16,1754.2135000000003
30328,FLGALWNVKKSVF,50.0,Micrococcus luteus,13,1508.8036999999997
30826,NIKISGKWKAQKRFLKGGGRLLRPLLQLLKQKLR,0.5,Micrococcus luteus,34,3986.8897000000006
30244,CLGIGSCNDFAGCGYAVVCFW,58.56721441,Micrococcus luteus,21,2185.5230999999994
31105,CGGWHRLRCTSYRSG,13.0,Micrococcus luteus,15,1738.9506
30360,FLNALKNFAKTAGKRLKSLLN,4.7,Micrococcus luteus,21,2347.7998
30858,QSHLSLCRWCCNCCHNKGCGFCCKF,12.5,Micrococcus luteus,25,2881.4317000000005
30447,GILSSLLKKLKKWIAK,3.0,Micrococcus luteus,16,1826.3161000000005
30618,GWLKKIGKKIERVGQHTRDATIQGLGIAQQAANVAATARG,23.73152619,Micrococcus luteus,40,4213.804
30951,SLLSLIRKLLT,0.4,Micrococcus luteus,11,1256.5774
30452,GILSSWLKKLKKIIAK,3.0,Micrococcus luteus,16,1826.3161000000005
30984,VDKPPYLPRPPPPRRIYN,28.72858278,Micrococcus luteus,18,2175.5337000000004
30352,FLKALFKVALKVL,4.228392244,Micrococcus luteus,13,1489.9279999999997
31075,MSKVISALSKYGPKAVNWAKNHKGQIANWLLHGLSIPDIVQNVKNAVGIK,18.0,Micrococcus luteus,50,5438.3555000000015
30866,RGGLCYCRGRFCVCVGR,1.049702632,Micrococcus luteus,17,1905.3015000000005
30934,RWKVFKKIEKVGRNVRDGIIKAGPAIGVLGQAKALG,0.37,Micrococcus luteus,36,3874.6273
31096,AAAAGSCVWGAVNYTSDCAAECKRRGYKGGHCGSFANVNCWCET,50.0,Micrococcus luteus,44,4576.0549
30480,GKPRPYSPRPTSHPRPIR,3.810609833,Micrococcus luteus,18,2099.4015000000004
30671,INWLKIKKKVAGML,2.435899903,Micrococcus luteus,14,1642.1035999999997
31003,VLSAADKGNVKAAWGKVGGHAAEYGAE,38.0,Micrococcus luteus,27,2656.9023
30427,GIINTLQKYYCRVRGGRCAVLSCLPKEEQIGKCSTRGRKCCRRKK,0.6,Micrococcus luteus,45,5161.161400000001
31014,VTCDILSVEAKGVKLNDAACAAHCLFRGRSGGYCNGKRVCVCR,1.430047804,Micrococcus luteus,43,4545.3026
30235,ATCDLLSGTGANHSACAAHCLLRGNRGGYCNSKAVCVCRN,16.4,Micrococcus luteus,40,4068.6077000000014
30411,GFVALLKKLPLILKHLH,2.51,Micrococcus luteus,17,1940.4632
31129,GSKKPVPIIYCNRRTGKCQ,7.5,Micrococcus luteus,19,2148.5548
30953,SNCWARCPGYPNGDSLCCRQYGACCSTSYPVPYKG,34.0,Micrococcus luteus,35,3808.2644
30356,FLKALWNVAKKVF,0.8,Micrococcus luteus,13,1563.9253
30778,LKWLKKLLKKL,2.835120652,Micrococcus luteus,11,1410.8746999999998
30496,GLFDIIKKVASVIGGL,7.362052619,Micrococcus luteus,16,1629.9802000000004
30944,SLFSLIKAGAKFLGKNLLKQGACYAACKASKQC,1.4441858,Micrococcus luteus,33,3462.1584
30911,RRWCFRVCYRGFCYRKCR,0.5,Micrococcus luteus,18,2458.9596000000006
30768,LHAHKLRVDPVNFKLLSHSLLVTL,45.0,Micrococcus luteus,24,2751.2751
30416,GFWGKLWEGVKSAI,8.922309147,Micrococcus luteus,14,1577.8227999999997
30854,QRICLGGRGFCHSTPCPRSTIDYGKKDCWGSLRCCEPKRPGK,6.8,Micrococcus luteus,42,4698.443300000001
30271,FFGHLFKLATKIIPSLFR,23.4,Micrococcus luteus,18,2135.5937
30568,GMASKLAKVLPHVVKLIK,1.4,Micrococcus luteus,18,1932.4628
31065,ILSAIWSGIKGLL,15.0,Micrococcus luteus,13,1370.6782
30753,KWKVLKKKIKMLRNRINGLVKAGPALKVKLQALAL,0.36,Micrococcus luteus,35,3969.0185
30267,FDIMGLIKKVAGAL,30.0,Micrococcus luteus,14,1475.8368999999998
31086,KCVRQNNKRVCKGLRKRLRKFRNK,13.47,Micrococcus luteus,24,3029.688400000001
30727,KPVPIIYCNRRTGKCQRM,1.85,Micrococcus luteus,18,2163.6356
30780,LKWLLKWLK,8.146092678,Micrococcus luteus,9,1227.5824
30726,KPPQFTWAQWFETQHINMTSQQSTNAMQVINNYQRRSKNQNTFLL,10.0,Micrococcus luteus,45,5457.0392
30749,KWKSFIKKLTKKFLHSAKKF,0.801900986,Micrococcus luteus,20,2494.0735000000004
30294,FLGALFKALSKLV,4.265140164,Micrococcus luteus,13,1406.7533
30989,VDKPPYLPRPRPPRRIYNH,6.746092063,Micrococcus luteus,19,2371.7435
30877,RKGWFKAMKSIAKFIAKEKLKEHL,3.1,Micrococcus luteus,24,2888.5206000000003
30312,FLGALVKALSKLL,3.642358031,Micrococcus luteus,13,1372.7370999999998
30455,GIMSIVKDVAKTAAKEAAKGALSTLSCKLAKTC,0.755521243,Micrococcus luteus,33,3308.9738
30377,FRFGSFLKKVWKSKLAKKLRSKGKQLLKDYANKVLNGPEEEAAAPAE,20.3,Micrococcus luteus,47,5321.183200000001
31053,GFGCPLNQGACHNHCRSIRRRGGYCSGIIKQTCTCYRN,0.2,Micrococcus luteus,38,4231.832200000002
30286,FKVKFKVKVK,3.998025295,Micrococcus luteus,10,1250.6174
30722,KNWGKILKHIIK,4.5,Micrococcus luteus,12,1477.8380000000002
30602,GVFGLLAKAALKGASKLIPHLLPSRQQ,0.5,Micrococcus luteus,27,2814.3741
30771,LKKLLKWLLKLLK,1.893488349,Micrococcus luteus,13,1637.1899
30909,RRQQRWHDKSFKKAHLGTAVKA,20.0,Micrococcus luteus,22,2649.0244999999995
30655,ILPWKWPWWPARR,1.6,Micrococcus luteus,13,1792.1373
30442,GILGKLWEGFKSIV,32.0,Micrococcus luteus,14,1546.8502
30742,KWCRCVCRRGICRCRCRG,0.5,Micrococcus luteus,18,2214.7603000000004
30370,FLSTIWNGIKGLL,15.0,Micrococcus luteus,13,1461.7456999999995
30685,KAKAKAVSRSARAGLQFPVGRIHRHLK,1.125,Micrococcus luteus,27,2983.5256
30695,KKVLFKLKFK,2.440034204,Micrococcus luteus,10,1278.6706
30212,ADSGEGDFLAEGGGVR,63.0,Micrococcus luteus,16,1536.5558000000003
30364,FLPLLLAGLPLKLCFLFKKC,2.743683185,Micrococcus luteus,20,2277.9598000000005
30283,FIKRIARLLRKIF,3.733281247,Micrococcus luteus,13,1674.1305
30600,GSKKPVPIIYCNRRTGKCQRM,1.85,Micrococcus luteus,21,2435.9365
31163,RNCMEVCVKGEKKHTGQGMIRRLRRNKNNSIFVVRKRV,2.0,Micrococcus luteus,38,4542.398100000001
30541,GLLSKVLGVGKKVLCGVSGLC,1.231198915,Micrococcus luteus,21,2030.5411
30420,GGLKKLGKKLEGAGKRVFNAAEKALPVVAGAKAL,17.5,Micrococcus luteus,34,3391.0608
30638,IIYCNRRTGKCQRM,7.5,Micrococcus luteus,14,1742.1019
30941,SGPGRRSSRRRWK,13.9,Micrococcus luteus,13,1585.7757
30999,VGRIHRHLK,28.5,Micrococcus luteus,9,1115.3351
30963,SSMKLSFRARAYGFRGPGPQL,15.0,Micrococcus luteus,21,2326.6779000000006
30948,SLLSLFRKLIT,1.56,Micrococcus luteus,11,1290.5936000000002
30732,KVKARLIKICNKIGFLKSRCHKFVITH,1.0,Micrococcus luteus,27,3181.9531
30564,GLWSTIKNVGKEAAIAAGKAALGAL,3.4,Micrococcus luteus,25,2410.8094
31069,KKKVVFKVKFKK,2.077026494,Micrococcus luteus,12,1506.962
31054,GFIFHIIKGLFHAGKMIHGLV,10.70271959,Micrococcus luteus,21,2335.8549000000003
30423,GIGKFLHAAKKFAKAFVAEIMNS,2.016982183,Micrococcus luteus,23,2478.951
30770,LKKLLKWLKKL,2.835120652,Micrococcus luteus,11,1410.8747
30885,RKIKVYLRRMK,8.384171034,Micrococcus luteus,11,1490.9046999999998
30633,HTCHIRRRPKFRKFKLYHEGKFWCPG,1.6,Micrococcus luteus,26,3328.9216000000006
31134,ILPAKWPWWPWRR,0.4,Micrococcus luteus,13,1792.1373
30453,GIMISLMKKLAAHIAK,3.0,Micrococcus luteus,16,1725.2138000000002
31071,KKVVFKVKFKKK,2.077026494,Micrococcus luteus,12,1506.962
30319,FLGALWKVAKSVF,1.56,Micrococcus luteus,13,1465.7789999999998
30938,SFLSLIRKLIT,0.78,Micrococcus luteus,11,1290.5936000000002
30211,ACYCRIPACIAGERRYGTCIYQGRLWAFCC,0.1,Micrococcus luteus,30,3448.077
30981,VDKPPYLPRPHPPRRIYNNR,12.87288059,Micrococcus luteus,20,2485.8461000000007
